Title,EU(2004):BOP:EX:SA:Electrical Machinery: SITC 716+75+76+77,EU(2004):BOP:EX:SA:Mechanical Machinery: SITC 7174 less 716,EU(2004):BOP:EX:SA:Organic chemicals:SITC 51,EU(2004):BOP:EX:SA:Ships and Aircraft(SNA) : SITC 792+793,EU(2004):BOP:IM:SA:Electrical Machinery: SITC 716+75+76+77,EU(2004):BOP:IM:SA:Mechanical Machinery: SITC 7174 less 716,EU(2004):BOP:IM:SA:Organic chemicals:SITC 51,EU(2004):BOP:IM:SA:Ships and Aircraft(SNA) : SITC 792+793,nonEU(2004):BOP:Balance:SA:Ships and Aircraft(SNA) : SITC 792+793,nonEU(2004):BOP:EX:SA:Electrical Machinery: SITC 716+75+76+77,nonEU(2004):BOP:EX:SA:Mechanical Machinery: SITC 7174 less 716,nonEU(2004):BOP:EX:SA:Organic chemicals:SITC 51,nonEU(2004):BOP:EX:SA:Ships and Aircraft(SNA) : SITC 792+793,nonEU(2004):BOP:IM:SA:Electrical Machinery: SITC 716+75+76+77,nonEU(2004):BOP:IM:SA:Mechanical Machinery: SITC 7174 less 716,nonEU(2004):BOP:IM:SA:Organic chemicals:SITC 51,nonEU(2004):BOP:IM:SA:Ships and Aircraft(SNA) : SITC 792+793,Total EU less precious metals (inc non monetary gold): EU (EUlessPM): Balance: BOP: CP: SA,Total NonEU less precious metals (inc non monetary gold): NonEU (NonEUlessPM): Balance: BOP: CP: SA,Trade in Goods (T): EU: Balance: BOP: CP: SA,Trade in Goods (T): EU: Balance: BOP: CVM: SA,Trade in Goods (T): NonEU: Balance: BOP: CP: SA,Trade in Goods (T): NonEU: Balance: BOP: CVM: SA,Trade in Goods less erratics (TlessE): EU: Balance: BOP: CP: SA,Trade in Goods less oil & erratics (TlessOE): EU: Balance: BOP: CP: SA,Trade in Goods less oil & erratics (TlessOE): NonEU: Balance: BOP: CP: SA,Trade in Goods less oil (TlessO): EU: Balance: BOP: CP: SA,Trade in Goods less oil (TlessO): NonEU: Balance: BOP: CP: SA,Trade in Goods less precious metals (inc non monetary gold) (TlessPM): EU: Balance: BOP: CVM: SA,Trade in Goods less precious metals (inc non monetary gold) (TlessPM): NonEU: Balance: BOP: CVM: SA,Trade in Goods: Animal and Vegetable Oils (4): EU: Balance: BOP: CP: SA,Trade in Goods: Animal and Vegetable Oils (4): EU: Balance: BOP: CVM: SA,Trade in Goods: Animal and Vegetable Oils (4): NonEU: Balance: BOP: CP: SA,Trade in Goods: Animal and Vegetable Oils (4): NonEU: Balance: BOP: CVM: SA,Trade in Goods: Basic materials (2and4): NonEU: Balance: BOP: CP: SA,Trade in Goods: Beverages and Tobacco (1): EU: Balance: BOP: CP: SA,Trade in Goods: Beverages and Tobacco (1): EU: Balance: BOP: CVM: SA,Trade in Goods: Beverages and Tobacco (1): NonEU: Balance: BOP: CP: SA,Trade in Goods: Beverages and Tobacco (1): NonEU: Balance: BOP: CVM: SA,Trade in Goods: Chemicals (5): EU: Balance: BOP: CP: SA,Trade in Goods: Chemicals (5): EU: Balance: BOP: CVM: SA,Trade in Goods: Chemicals (5): NonEU: Balance: BOP: CP: SA,Trade in Goods: Chemicals (5): NonEU: Balance: BOP: CVM: SA,Trade in Goods: Crude Materials (2): EU: Balance: BOP: CP: SA,Trade in Goods: Crude Materials (2): EU: Balance: BOP: CVM: SA,Trade in Goods: Crude Materials (2): NonEU: Balance: BOP: CP: SA,Trade in Goods: Crude Materials (2): NonEU: Balance: BOP: CVM: SA,Trade in Goods: EU: Medicinal & pharmaceutical products (54): EX: BOP: CP: SA,Trade in Goods: EU: Medicinal & pharmaceutical products (54): IM: BOP: CP: SA,Trade in Goods: Finished manufactures (7and8): EU: Balance: BOP: CP: SA,Trade in Goods: Finished manufactures (7and8): NonEU: Balance: BOP: CP: SA,Trade in Goods: Food & live animals (0): EU: Balance: BOP: CP: SA,Trade in Goods: Food & live animals (0): EU: Balance: BOP: CVM: SA,Trade in Goods: Food & live animals (0): NonEU: Balance: BOP: CP: SA,Trade in Goods: Food & live animals (0): NonEU: Balance: BOP: CVM: SA,"Trade in Goods: Food, beverages & tobacco (0and1): EU: Balance: BOP: CP: SA","Trade in Goods: Food, beverages & tobacco (0and1): NonEU: Balance: BOP: CP: SA",Trade in Goods: Fuels (3): EU: Balance: BOP: CP: SA,Trade in Goods: Fuels (3): EU: Balance: BOP: CVM: SA,Trade in Goods: Fuels (3): NonEU: Balance: BOP: CP: SA,Trade in Goods: Fuels (3): NonEU: Balance: BOP: CVM: SA,Trade in Goods: Machinery and Transport (7): EU: Balance: BOP: CP: SA,Trade in Goods: Machinery and Transport (7): EU: Balance: BOP: CVM: SA,Trade in Goods: Machinery and Transport (7): NonEU: Balance: BOP: CP: SA,Trade in Goods: Machinery and Transport (7): NonEU: Balance: BOP: CVM: SA,Trade in Goods: Manufactures (5to8): EU: Balance: BOP: CP: SA,Trade in Goods: Manufactures (5to8): NonEU: Balance: BOP: CP: SA,Trade in Goods: Material manufatures (6): EU: Balance: BOP: CP: SA,Trade in Goods: Material manufatures (6): EU: Balance: BOP: CVM: SA,Trade in Goods: Material manufatures (6): NonEU: Balance: BOP: CP: SA,Trade in Goods: Material manufatures (6): NonEU: Balance: BOP: CVM: SA,Trade in Goods: Medicinal & pharmaceutical products (54): EU: Imports: BOP: CVM: SA,Trade in Goods: Miscellanous manufactures (8): EU: Balance: BOP: CP: SA,Trade in Goods: Miscellanous manufactures (8): EU: Balance: BOP: CVM: SA,Trade in Goods: Miscellanous manufactures (8): NonEU: Balance: BOP: CP: SA,Trade in Goods: Miscellanous manufactures (8): NonEU: Balance: BOP: CVM: SA,Trade in Goods: Oil (33): EU: Balance: BOP: CP: SA,Trade in Goods: Oil (33): NonEU: Balance: BOP: CP: SA,Trade in Goods: Precious metals (inc non monetary gold): EU: Balance: BOP: CP: SA,Trade in Goods: Precious metals (inc non monetary gold): EU: Balance: BOP: CVM: SA,Trade in Goods: Precious metals (inc non monetary gold): NonEU: Balance: BOP: CP: SA,Trade in Goods: Precious metals (inc non monetary gold): NonEU: Balance: BOP: CVM: SA,Trade in Goods: Semimanufactures (5and6): EU: Balance: BOP: CP: SA,Trade in Goods: Semimanufactures (5and6): NonEU: Balance: BOP: CP: SA,Trade in Goods: Total less erratics (TlessE): NonEU: Balance: BOP: CP: SA,Trade in Goods: Unspecified goods (9): EU: Balance: BOP: CP: SA,Trade in Goods: Unspecified goods (9): EU: Balance: BOP: CVM: SA,Trade in Goods: Unspecified goods (9): NonEU: Balance: BOP: CP: SA,Trade in Goods: Unspecified goods (9): NonEU: Balance: BOP: CVM: SA,,,,,,,,,,,,,,,,,,,,,,,,,,,,,,,,,,,,,,,,,,,,,,,,,,,,,,,,,,,,,,,,,,,,,,,,,
2019 JAN,1419,1534,360,784,2655,1918,629,326,625,1204,3041,386,574,3172,2365,486,1199,8129,5186,8146,9959,8108,10166,8597,10034,2884,9583,6617,9939,7346,36,78,42,47,92,167,205,186,237,1469,1379,1474,1559,288,358,50,12,1065,1730,4932,2643,1581,2393,730,964,1748,544,1440,1721,2278,4425,4113,4901,890,337,7463,1984,1062,1594,815,741,1982,819,634,1753,1810,1437,1491,17,20,2922,2820,2531,659,4375,51,52,3210,3264,,,,,,,,,,,,,,,,,,,,,,,,,,,,,,,,,,,,,,,,,,,,,,,,,,,,,,,,,,,,,,,,,,,,,,,,,
2019 FEB,1355,1594,363,811,2679,2047,557,309,73,1187,3035,389,648,2980,2201,398,721,8645,4126,8673,10622,8387,10793,9160,10436,2530,9949,6982,10592,6386,36,75,35,39,61,154,184,222,255,1773,1870,1505,1646,294,367,26,15,1041,1990,5052,1824,1618,2443,642,820,1772,420,1377,1715,2112,4171,4265,4951,18,547,7895,1163,1070,1625,844,637,2380,787,635,1806,1891,1276,1405,28,30,4261,4407,2843,661,3935,53,54,4631,5014,,,,,,,,,,,,,,,,,,,,,,,,,,,,,,,,,,,,,,,,,,,,,,,,,,,,,,,,,,,,,,,,,,,,,,,,,
2019 MAR,1546,1565,427,851,2795,2056,421,394,139,1189,3183,354,633,3381,2170,315,494,9064,3567,9242,11321,7647,10099,9585,10594,2174,10251,6229,11132,5929,39,89,26,31,45,186,241,174,218,1678,1689,1581,1678,275,338,19,26,1574,2597,5159,1634,1553,2377,640,829,1739,466,1072,1367,2041,3808,4178,4873,79,271,8143,1057,1306,1937,1004,964,3092,981,776,1555,1688,1009,1418,178,189,4080,4170,2984,577,3592,118,128,4038,4335,,,,,,,,,,,,,,,,,,,,,,,,,,,,,,,,,,,,,,,,,,,,,,,,,,,,,,,,,,,,,,,,,,,,,,,,,
2019 APR,1327,1421,208,782,2412,1833,400,324,176,1154,2740,466,653,2966,2162,334,829,7824,4033,8007,9795,6218,8300,8305,8976,2277,8678,4668,9591,6094,33,87,42,48,63,107,133,224,272,920,899,1738,1859,290,359,21,6,840,1024,4441,2354,1616,2468,619,832,1723,395,792,935,2142,4108,3692,4316,661,276,6714,1577,1353,1907,961,951,1193,749,558,1693,1758,671,1550,183,204,2185,2206,2273,777,3827,39,41,2041,2179,,,,,,,,,,,,,,,,,,,,,,,,,,,,,,,,,,,,,,,,,,,,,,,,,,,,,,,,,,,,,,,,,,,,,,,,,
2019 MAY,1348,1458,289,816,2421,1932,355,336,188,1155,3171,215,585,2995,2301,309,397,6730,5261,6729,8253,5540,7653,7226,8695,3067,8198,3077,8253,7412,46,89,32,36,86,99,146,231,276,1013,997,1038,1061,244,309,54,40,812,1216,4298,1723,1460,2257,653,879,1559,422,1599,1905,3388,5797,3588,4182,79,354,6468,1277,1157,1624,592,508,1402,710,530,1802,1852,1469,2463,1,1,279,241,2170,446,5530,11,10,367,378,,,,,,,,,,,,,,,,,,,,,,,,,,,,,,,,,,,,,,,,,,,,,,,,,,,,,,,,,,,,,,,,,,,,,,,,,
2019 JUN,1339,1487,249,748,2376,1949,502,635,95,1192,3038,337,584,3026,2220,298,489,8305,2830,8282,9829,1537,2984,8369,8901,1040,8814,477,9852,4198,34,82,38,42,69,141,156,147,177,989,897,1811,1952,270,351,31,12,944,1275,4853,1019,1376,2129,582,763,1517,435,678,752,2625,4675,3767,4197,362,812,7123,969,1281,1792,177,556,1450,1086,943,1381,1359,532,2014,23,23,1293,1214,2270,1988,3054,16,18,623,481,,,,,,,,,,,,,,,,,,,,,,,,,,,,,,,,,,,,,,,,,,,,,,,,,,,,,,,,,,,,,,,,,,,,,,,,,
2019 JUL,1322,1487,405,637,2462,1922,458,518,243,1182,2869,506,908,3178,2359,360,665,7324,2847,7312,9315,1633,3175,7449,8635,2001,8498,568,9323,4248,36,78,41,47,149,142,159,168,201,1055,992,1734,1860,265,357,108,106,964,1451,4525,1730,1453,2204,585,785,1595,417,1184,1007,1524,3659,3935,4485,12,506,6588,536,1008,1425,540,424,1638,590,536,1742,1725,1186,1065,12,8,1214,1073,2063,1194,3066,12,12,993,833,,,,,,,,,,,,,,,,,,,,,,,,,,,,,,,,,,,,,,,,,,,,,,,,,,,,,,,,,,,,,,,,,,,,,,,,,
2019 AUG,1283,1501,314,824,2529,2025,444,531,731,1179,3201,313,709,3223,2333,337,1440,7932,3130,8290,9698,3359,4569,8233,9424,1323,9481,2204,9322,4326,28,67,24,25,137,128,139,280,323,1052,1006,1592,1726,257,320,113,126,937,1358,4970,2119,1513,2235,637,791,1641,357,1196,1375,1454,3212,4099,4569,492,100,7514,1528,1492,1976,1001,992,1522,871,677,1627,1662,1191,1155,358,376,229,243,2544,591,2478,46,45,117,85,,,,,,,,,,,,,,,,,,,,,,,,,,,,,,,,,,,,,,,,,,,,,,,,,,,,,,,,,,,,,,,,,,,,,,,,,
2019 SEP,1289,1538,237,769,2455,1856,463,545,196,1195,3133,371,626,2803,2325,342,430,8133,1361,8514,10004,2757,3948,8315,9555,614,9754,1720,9619,2714,38,81,49,58,132,139,149,276,326,1089,1031,1783,1939,239,285,83,123,981,1351,5232,704,1444,2183,568,720,1583,292,1252,1623,1412,3466,4441,5049,835,1417,7863,31,1542,2104,1048,1029,1523,791,617,1539,1550,1240,1037,381,385,1396,1234,2631,735,1651,43,35,952,848,,,,,,,,,,,,,,,,,,,,,,,,,,,,,,,,,,,,,,,,,,,,,,,,,,,,,,,,,,,,,,,,,,,,,,,,,
2019 OCT,1310,1510,229,671,2556,1836,647,644,116,1169,3019,423,669,3996,2124,424,553,8784,3441,8807,10471,2277,3828,8816,9971,1975,9962,682,10439,5021,35,82,28,33,122,189,218,495,589,1586,1564,1656,1776,258,355,94,106,1198,1815,5274,2109,1578,2435,631,832,1767,136,1198,1544,1956,4414,4316,4924,494,168,7934,1369,1074,1547,916,924,2019,958,793,1615,1618,1155,1595,23,32,1164,1193,2660,740,3570,11,3,1306,1353,,,,,,,,,,,,,,,,,,,,,,,,,,,,,,,,,,,,,,,,,,,,,,,,,,,,,,,,,,,,,,,,,,,,,,,,,
2019 NOV,1199,1363,342,749,2338,1704,385,568,85,1163,2918,426,639,2868,2125,287,554,7442,1842,7384,9039,3183,2985,7584,8644,1060,8444,4047,9100,2740,30,75,30,32,227,156,144,293,348,1055,1080,1741,1903,234,313,197,235,816,1315,4447,955,1500,2239,573,728,1656,280,1150,1427,1446,3411,3603,4233,312,666,6640,203,1138,1648,583,632,1487,844,735,1267,1277,1060,864,58,61,5025,5725,2193,1158,1924,26,43,4933,5704,,,,,,,,,,,,,,,,,,,,,,,,,,,,,,,,,,,,,,,,,,,,,,,,,,,,,,,,,,,,,,,,,,,,,,,,,
2019 DEC,1167,1316,794,780,2264,1884,488,525,293,1167,2987,324,647,2765,2050,267,354,6150,975,5862,7178,4437,4757,6349,7936,51,7449,5682,7500,1607,35,82,45,57,135,169,190,412,486,587,582,1666,1834,266,344,90,110,830,1114,4244,144,1515,2195,519,707,1684,107,1674,2166,1634,3728,3389,3980,969,1657,5755,1173,924,1365,349,355,1218,855,731,1113,1140,1587,1245,288,323,5412,6364,1511,1317,1296,204,274,5140,6173,,,,,,,,,,,,,,,,,,,,,,,,,,,,,,,,,,,,,,,,,,,,,,,,,,,,,,,,,,,,,,,,,,,,,,,,,
2020 JAN,1229,1412,411,817,2270,1804,329,220,28,1081,2984,862,564,2796,2190,372,536,6329,2740,6123,7813,1327,2922,6914,8212,1460,7421,77,8017,4546,25,61,29,36,139,214,237,295,350,1006,1029,1945,2084,234,322,110,108,674,1364,3790,1557,1549,2262,613,795,1763,318,1368,1704,1873,4194,2940,3542,161,402,5592,200,796,1366,588,541,1584,850,786,1718,1826,1298,1404,206,204,1413,1624,1802,1357,2864,123,147,1203,1351,,,,,,,,,,,,,,,,,,,,,,,,,,,,,,,,,,,,,,,,,,,,,,,,,,,,,,,,,,,,,,,,,,,,,,,,,
2020 FEB,1217,1295,391,752,2378,1618,437,440,59,1192,3378,205,518,2659,2372,330,459,6344,2749,6330,8090,4755,6853,6675,8231,1079,7886,2775,8105,4937,36,68,24,26,163,205,260,177,214,696,757,1464,1581,312,401,139,136,856,1117,4294,708,1508,2161,605,766,1713,428,1617,2062,2361,4956,3465,4234,588,929,5849,134,859,1313,622,631,1367,829,734,1296,1344,1556,1980,14,16,2006,1916,1555,842,3059,37,35,1937,2001,,,,,,,,,,,,,,,,,,,,,,,,,,,,,,,,,,,,,,,,,,,,,,,,,,,,,,,,,,,,,,,,,,,,,,,,,
2020 MAR,1151,1157,308,459,2187,1506,437,327,190,1089,2686,565,824,2564,2252,366,634,7542,2270,7511,8666,2340,4184,7658,8380,1146,8233,919,8702,4109,35,76,48,49,147,176,210,263,310,920,959,1878,2005,213,267,99,133,1001,1411,4330,1155,1630,2310,619,780,1806,356,752,1230,1851,4541,3537,3968,340,568,6211,70,961,1348,793,717,1632,793,712,1495,1565,722,1421,31,36,70,75,1881,1085,2567,2,14,84,100,,,,,,,,,,,,,,,,,,,,,,,,,,,,,,,,,,,,,,,,,,,,,,,,,,,,,,,,,,,,,,,,,,,,,,,,,
2020 APR,1004,876,487,284,2061,970,449,77,127,938,2424,401,395,2821,1482,399,268,4171,2336,3474,3547,497,1305,4326,5084,2241,4232,806,4232,4011,49,100,38,41,232,218,255,130,166,711,592,1903,2008,206,261,194,195,983,1350,1591,2208,1604,2376,550,698,1822,420,801,1852,679,2744,1299,1593,650,638,2882,759,580,833,454,389,1572,292,169,1558,1582,758,309,697,685,2833,2706,1291,1449,2550,684,764,2587,2460,,,,,,,,,,,,,,,,,,,,,,,,,,,,,,,,,,,,,,,,,,,,,,,,,,,,,,,,,,,,,,,,,,,,,,,,,
2020 MAY,1060,955,529,277,1960,1048,343,354,301,1020,2327,349,469,2782,1207,367,168,4077,1723,3890,4028,2114,815,3995,4812,1865,4707,2371,4251,3470,27,68,42,52,306,268,319,121,152,543,456,1653,1725,195,259,264,267,1027,1497,1858,1352,1613,2430,569,706,1881,448,869,1979,570,2544,1623,1913,388,393,2758,442,357,569,141,185,1740,235,125,964,968,817,257,187,223,3837,4285,900,1794,2122,102,168,2996,3418,,,,,,,,,,,,,,,,,,,,,,,,,,,,,,,,,,,,,,,,,,,,,,,,,,,,,,,,,,,,,,,,,,,,,,,,,
2020 JUN,1157,1301,193,444,2037,1441,309,237,205,1034,2233,539,606,3069,1429,447,401,6031,2263,5614,6327,997,3151,6195,6772,2412,6191,660,6762,4373,33,76,31,35,200,249,276,48,81,729,664,1571,1683,267,354,169,163,978,1379,2985,1922,1541,2400,573,762,1790,525,672,1327,662,2833,2480,2843,528,474,4539,113,825,1108,464,456,1578,505,375,1394,1474,577,337,417,435,1266,1222,1554,2035,2749,343,407,277,277,,,,,,,,,,,,,,,,,,,,,,,,,,,,,,,,,,,,,,,,,,,,,,,,,,,,,,,,,,,,,,,,,,,,,,,,,
2020 JUL,1180,1177,207,354,2312,1363,393,257,151,1063,2397,563,538,3263,1436,382,387,6349,2782,6338,7250,3034,5686,6418,7330,2252,7250,2246,7256,5453,49,105,46,49,163,200,227,359,414,798,860,1563,1646,260,363,117,119,893,1241,3743,2067,1454,2255,617,805,1654,258,969,1982,1006,3182,3345,3795,258,202,5310,917,769,1103,413,448,1414,398,377,1809,1960,912,788,11,6,252,233,1567,1150,3040,34,31,690,699,,,,,,,,,,,,,,,,,,,,,,,,,,,,,,,,,,,,,,,,,,,,,,,,,,,,,,,,,,,,,,,,,,,,,,,,,
2020 AUG,1191,1168,333,559,2278,1422,585,228,264,1133,2350,368,562,3010,1333,319,298,6906,1989,6882,8060,2004,4062,7206,8015,1897,7691,1449,8083,4035,34,83,34,35,180,277,319,152,198,609,746,1798,2008,307,385,146,184,934,993,4160,1317,1516,2328,606,803,1793,454,817,1618,791,2631,3406,3837,567,909,5555,575,786,1209,1056,1192,1162,754,670,1884,2189,809,555,24,23,15,27,1395,742,2452,10,7,4,12,,,,,,,,,,,,,,,,,,,,,,,,,,,,,,,,,,,,,,,,,,,,,,,,,,,,,,,,,,,,,,,,,,,,,,,,,
2020 SEP,1252,1216,323,546,2252,1551,364,854,53,1043,2265,145,530,2956,1536,376,477,8204,4436,8278,9508,4731,7721,7840,8468,3691,8906,3847,9429,7424,42,77,52,55,211,148,158,276,318,645,656,1260,1358,330,424,159,183,936,1156,5024,2715,1598,2439,552,736,1746,276,660,1314,1247,3921,4097,4599,1,203,6743,2878,1074,1449,1423,1575,1336,927,819,2714,3002,628,884,74,79,295,297,1719,163,4575,77,80,119,131,,,,,,,,,,,,,,,,,,,,,,,,,,,,,,,,,,,,,,,,,,,,,,,,,,,,,,,,,,,,,,,,,,,,,,,,,
2020 OCT,1261,1280,351,545,2268,1593,367,1124,534,1073,2280,325,846,2930,1570,329,312,8671,3974,8685,10012,4592,6964,8046,8829,3872,9468,3890,10000,6370,43,76,51,50,125,278,334,140,194,908,930,1514,1696,368,485,74,81,1113,1614,5375,2374,1631,2416,584,740,1909,444,777,1531,1248,3508,4480,5024,622,891,7123,2132,840,1319,1272,1359,1831,895,755,2996,3250,783,702,14,13,618,594,1748,242,4574,19,15,643,655,,,,,,,,,,,,,,,,,,,,,,,,,,,,,,,,,,,,,,,,,,,,,,,,,,,,,,,,,,,,,,,,,,,,,,,,,
2020 NOV,1328,1558,291,378,2504,1726,655,277,99,1087,2251,378,452,3614,1837,380,551,9433,3914,9445,11164,6241,9351,9487,10278,3573,10236,5956,11150,6961,58,88,42,38,96,329,378,125,183,1759,2046,1516,1693,351,438,54,89,939,1781,5143,3293,1682,2499,637,786,2011,512,869,1616,845,2760,4233,4871,954,867,7859,2473,957,1519,696,845,2062,910,779,2339,2583,791,285,12,14,2327,2390,2716,820,3858,35,31,2315,2465,,,,,,,,,,,,,,,,,,,,,,,,,,,,,,,,,,,,,,,,,,,,,,,,,,,,,,,,,,,,,,,,,,,,,,,,,
2020 DEC,1275,1485,806,552,2539,1970,422,1138,123,1107,2334,372,479,3660,1568,336,356,9801,3892,10050,11814,7637,11223,9184,10039,3328,10905,7011,11562,7282,56,68,39,36,143,241,280,235,289,937,1051,1229,1349,432,542,104,112,1048,1712,6144,2763,1648,2422,577,744,1889,342,948,1707,1239,3492,5218,5955,602,351,8374,2255,1293,1859,721,944,1899,926,792,2161,2429,855,626,249,252,3745,3941,2230,508,3954,247,256,3658,3976,,,,,,,,,,,,,,,,,,,,,,,,,,,,,,,,,,,,,,,,,,,,,,,,,,,,,,,,,,,,,,,,,,,,,,,,,
2021 JAN,774,931,132,368,1914,1754,476,379,61,1130,2288,345,586,3170,1477,408,525,9989,1802,10157,12542,5813,8668,9916,10704,1258,10945,5351,12371,4518,46,72,45,43,48,356,441,293,338,1744,2068,1514,1712,345,438,3,7,362,879,4939,1227,1836,2640,608,741,2192,315,458,623,1158,2763,3831,4457,21,229,7930,1097,1247,1918,1384,1590,1014,1108,1116,1248,1461,788,462,168,171,4011,4150,2991,130,1720,102,92,3195,3419,,,,,,,,,,,,,,,,,,,,,,,,,,,,,,,,,,,,,,,,,,,,,,,,,,,,,,,,,,,,,,,,,,,,,,,,,
2021 FEB,1138,1348,212,636,2147,1914,300,183,94,1023,2291,155,383,3527,1612,610,289,6412,4168,6484,8235,7213,10328,6703,7714,3743,7495,6887,8164,7192,30,36,24,21,53,208,293,267,318,902,1019,337,363,386,442,29,9,728,1135,3046,2333,1717,2554,621,804,1925,354,1001,1313,1065,2304,2373,2906,400,249,5086,3989,1138,1766,1993,2191,1367,673,626,1933,2245,1011,326,72,72,3045,3136,2040,1656,4069,58,53,1752,1925,,,,,,,,,,,,,,,,,,,,,,,,,,,,,,,,,,,,,,,,,,,,,,,,,,,,,,,,,,,,,,,,,,,,,,,,,
2021 MAR,1241,1642,440,506,2192,1892,407,267,70,1154,2390,346,421,3573,1542,452,351,5807,3575,5874,7642,4103,6894,6021,7053,3064,6906,3659,7571,6402,34,50,30,29,104,138,237,309,378,515,607,1038,1150,383,444,74,102,872,1132,3201,2063,1578,2381,671,893,1716,362,1061,1425,1162,2794,2601,3254,139,151,4731,2606,1015,1508,1581,1815,1356,600,577,1924,2243,1032,444,67,71,528,492,1530,543,3508,71,68,131,169,,,,,,,,,,,,,,,,,,,,,,,,,,,,,,,,,,,,,,,,,,,,,,,,,,,,,,,,,,,,,,,,,,,,,,,,,
2021 APR,1250,1596,472,574,2041,1984,469,191,541,1121,2284,421,825,3551,1729,296,284,6517,4759,6414,8180,3611,5509,6838,7688,4601,7264,3007,8287,6767,30,50,19,16,332,413,534,77,119,621,750,1095,1322,329,369,313,337,796,1131,3417,2306,1517,2314,667,887,1930,590,836,998,1527,3268,2561,3192,199,2,5002,2215,964,1388,1004,1085,1324,856,809,2107,2339,850,604,103,106,1148,1258,1585,91,5205,41,59,1053,1167,,,,,,,,,,,,,,,,,,,,,,,,,,,,,,,,,,,,,,,,,,,,,,,,,,,,,,,,,,,,,,,,,,,,,,,,,
2021 MAY,1391,1792,242,469,2045,1862,501,302,367,1252,2548,301,778,3251,1706,402,411,5470,4117,5380,6919,3675,5235,5606,6644,3608,6418,3042,7009,5696,34,53,48,54,236,135,221,349,436,652,680,1165,1350,263,300,188,195,1056,1261,3045,1579,1476,2266,552,734,1611,203,959,1010,2138,3121,2494,2996,81,185,4388,1309,691,1105,895,1021,1478,551,502,1660,1974,1038,633,90,90,442,461,1343,270,4241,43,32,211,220,,,,,,,,,,,,,,,,,,,,,,,,,,,,,,,,,,,,,,,,,,,,,,,,,,,,,,,,,,,,,,,,,,,,,,,,,
2021 JUN,1223,1716,523,594,2055,2082,562,193,76,1130,2318,279,501,3376,1892,362,425,6683,5480,6692,8386,5818,7656,7103,7957,4501,7546,4674,8376,7343,36,59,45,48,159,233,330,278,334,839,916,977,1165,300,316,114,49,848,1196,3407,2747,1620,2493,534,723,1853,256,767,669,2497,3816,2666,3191,960,1023,5166,2475,920,1268,705,837,1415,741,717,1787,2071,854,1144,9,10,338,313,1759,272,5645,104,113,431,459,,,,,,,,,,,,,,,,,,,,,,,,,,,,,,,,,,,,,,,,,,,,,,,,,,,,,,,,,,,,,,,,,,,,,,,,,
2021 JUL,1201,1716,217,569,1889,1996,682,219,118,1076,2538,155,592,3307,1696,391,474,6755,6211,6802,8721,7440,9101,7029,8065,5057,7838,5980,8671,7870,35,61,36,40,165,203,287,245,302,1355,1536,1044,1256,343,333,129,104,871,1311,3110,2551,1613,2422,700,924,1816,455,943,615,3002,4285,2332,2852,671,682,5470,2769,1005,1371,1262,1308,1548,778,813,1880,2163,1036,1460,47,50,1229,1231,2360,218,6517,81,92,1049,1125,,,,,,,,,,,,,,,,,,,,,,,,,,,,,,,,,,,,,,,,,,,,,,,,,,,,,,,,,,,,,,,,,,,,,,,,,
2021 AUG,1185,1464,242,434,1941,1757,421,221,92,1104,2075,234,426,3103,1757,320,334,6728,5681,6769,8638,7032,8837,6929,7924,4811,7764,5929,8592,7528,56,87,58,60,311,256,354,273,326,763,836,1307,1533,421,320,253,261,1091,1275,3392,3039,1565,2424,574,758,1821,301,856,636,2367,3289,2591,3159,1160,1151,5258,2906,1103,1532,1174,1265,1541,801,842,1879,2208,995,1103,41,46,1351,1309,1866,133,5914,69,73,1147,1166,,,,,,,,,,,,,,,,,,,,,,,,,,,,,,,,,,,,,,,,,,,,,,,,,,,,,,,,,,,,,,,,,,,,,,,,,
2021 SEP,1162,1761,301,518,2064,2112,618,253,28,1114,2520,313,534,3512,1791,391,562,7686,7713,7698,9744,7842,9702,7892,9070,5637,8876,5787,9732,9604,46,60,41,44,159,242,340,367,410,1356,1536,1074,1289,445,363,118,111,854,1334,3614,3281,1733,2653,688,888,1975,321,1086,767,3622,5115,2651,3142,1417,1857,6236,3307,1266,1712,1100,1150,1600,963,995,1864,2135,1178,2055,12,12,129,97,2622,26,7692,82,95,433,456,,,,,,,,,,,,,,,,,,,,,,,,,,,,,,,,,,,,,,,,,,,,,,,,,,,,,,,,,,,,,,,,,,,,,,,,,
2021 OCT,1248,1663,284,526,1846,1940,456,187,24,1160,2834,560,489,3249,1842,406,465,5601,7035,5566,8237,5012,5196,5952,6913,5755,6527,3784,8273,7270,48,57,62,57,134,288,380,299,338,1081,1274,1527,1882,298,285,72,54,857,1320,3281,2262,1562,2449,634,802,1850,335,2045,954,4348,4306,2510,2898,615,1256,5348,1301,986,1420,566,499,1574,771,780,1647,1827,961,1228,35,36,2023,2074,2067,961,6983,67,70,1106,1139,,,,,,,,,,,,,,,,,,,,,,,,,,,,,,,,,,,,,,,,,,,,,,,,,,,,,,,,,,,,,,,,,,,,,,,,,
2021 NOV,1181,1747,256,567,1911,1746,730,197,106,1131,2617,161,355,3346,1744,415,461,5960,8530,5846,8458,6631,6734,6341,7622,6656,7127,4984,8576,8649,41,53,79,70,110,272,356,258,300,1457,1669,1163,1507,292,240,31,10,1032,1351,2961,3233,1632,2511,657,826,1904,399,1876,1041,4488,4410,2102,2702,971,1518,5481,2806,1063,1434,736,670,1607,859,866,2262,2477,1281,1647,114,119,1899,1915,2520,427,8303,4,16,1172,1212,,,,,,,,,,,,,,,,,,,,,,,,,,,,,,,,,,,,,,,,,,,,,,,,,,,,,,,,,,,,,,,,,,,,,,,,,
2021 DEC,1282,1926,980,574,1923,1753,643,139,79,1118,2664,192,737,3881,2026,431,658,4699,8874,4721,7136,9255,9004,5126,6273,7345,5868,7554,7113,8607,35,34,57,44,139,75,101,301,355,549,716,1091,1414,249,227,82,35,972,1482,2725,3575,1599,2354,784,999,1674,483,1553,648,5018,4280,1952,2578,1276,1875,4276,3401,1002,1313,917,881,1723,773,753,2299,2506,1147,1701,22,22,381,398,1551,174,9046,40,34,214,229,,,,,,,,,,,,,,,,,,,,,,,,,,,,,,,,,,,,,,,,,,,,,,,,,,,,,,,,,,,,,,,,,,,,,,,,,
2022 JAN,944,1450,522,322,2647,2402,805,176,536,1162,2840,180,839,3594,2081,375,303,10999,9281,11104,13830,12010,12722,11071,12588,7955,12621,9955,13722,9996,45,56,66,56,162,414,448,287,305,2164,2318,869,1215,383,366,96,76,597,1438,6139,2688,2006,2830,738,881,2420,451,2032,1268,5226,5052,4560,5131,438,919,10128,3934,1825,2383,2115,2121,1638,1579,1632,2250,2531,1517,2055,105,108,2729,2725,3989,1246,10010,160,183,2237,2358,,,,,,,,,,,,,,,,,,,,,,,,,,,,,,,,,,,,,,,,,,,,,,,,,,,,,,,,,,,,,,,,,,,,,,,,,
2022 FEB,1449,1871,542,508,2550,2301,540,219,236,1141,2552,210,632,3501,1865,367,396,6862,9227,6909,9032,12412,12714,7197,8319,7827,8031,10813,8985,9431,86,89,33,28,137,298,337,458,493,906,877,1108,1389,290,251,104,53,1099,1476,4284,3458,1817,2616,704,836,2115,246,1897,1146,5268,4558,3236,3605,1275,1788,6168,3754,978,1435,1404,1427,1619,1048,1036,2183,2372,1122,1599,47,46,3185,3283,1884,296,9426,147,152,3007,3224,,,,,,,,,,,,,,,,,,,,,,,,,,,,,,,,,,,,,,,,,,,,,,,,,,,,,,,,,,,,,,,,,,,,,,,,,
2022 MAR,1251,1851,460,445,2622,2396,728,255,66,1082,2576,361,421,3964,1993,375,487,6592,11844,6526,10116,13186,12025,6744,8765,9355,8547,10908,10165,10513,79,80,55,45,70,349,425,417,464,1548,1615,1321,1546,336,289,15,14,1050,1582,5434,4775,1838,2579,718,831,2187,301,4222,1925,6780,4363,4075,4438,2244,3165,8066,4053,1084,1378,599,677,1719,1359,1389,2531,2687,2021,2278,66,51,1342,1512,2632,722,11633,80,95,1982,2189,,,,,,,,,,,,,,,,,,,,,,,,,,,,,,,,,,,,,,,,,,,,,,,,,,,,,,,,,,,,,,,,,,,,,,,,,
2022 APR,1338,1933,486,570,2837,2488,1049,247,30,1254,2831,651,553,3563,1921,394,583,7637,10808,7631,10677,11324,8720,7925,9344,8135,9050,8849,10678,8405,100,119,52,39,137,255,284,599,673,2163,2293,1349,1594,353,288,85,45,1084,1918,5365,3040,1811,2411,751,821,2066,152,3725,1971,7512,4665,4117,4495,818,1339,8705,1703,1177,1496,12,26,2072,1248,1257,2222,2323,1419,2475,6,3,516,314,3340,1337,10610,132,132,1820,1741,,,,,,,,,,,,,,,,,,,,,,,,,,,,,,,,,,,,,,,,,,,,,,,,,,,,,,,,,,,,,,,,,,,,,,,,,
2022 MAY,1386,1958,660,678,3052,2606,783,201,2,1210,2968,194,887,3812,2151,363,885,9086,9240,9136,11088,10137,8337,9592,11220,6737,10764,7476,11039,7532,103,122,43,32,18,338,320,342,427,2107,2302,1756,2038,422,364,25,100,1090,2196,5605,3186,2030,2570,807,865,2368,465,3029,2173,6420,4212,4143,4420,1138,1713,9056,1151,1344,1600,279,321,2320,1462,1462,2048,2157,1628,2661,50,47,897,805,3451,2035,9398,216,227,2083,2204,,,,,,,,,,,,,,,,,,,,,,,,,,,,,,,,,,,,,,,,,,,,,,,,,,,,,,,,,,,,,,,,,,,,,,,,,
2022 JUN,1280,1738,718,606,2711,2383,714,295,233,1140,3619,199,610,3930,2278,406,377,7823,11296,7932,9442,11464,9718,8105,9092,7759,8919,7632,9326,9558,104,121,49,40,239,325,341,403,465,1152,1145,1269,1583,311,245,190,90,1052,1502,5214,3319,1924,2422,801,843,2249,398,2690,1750,7410,5448,4129,4320,689,1271,7731,2492,1365,1524,442,413,1577,1085,1017,2630,2708,987,3832,109,115,168,159,2517,827,11591,227,252,925,1006,,,,,,,,,,,,,,,,,,,,,,,,,,,,,,,,,,,,,,,,,,,,,,,,,,,,,,,,,,,,,,,,,,,,,,,,,
2022 JUL,1417,1939,659,597,3001,2658,614,331,1,1311,2972,189,821,3743,2167,383,822,7583,9571,7577,10103,8000,5298,7787,9092,6715,8882,5067,10108,6980,98,125,77,67,14,284,298,462,515,1102,1215,1602,1865,250,243,63,122,1190,1517,5577,2669,1997,2452,744,727,2281,282,3252,1822,7439,5018,4382,4806,438,886,8098,1500,1419,1681,433,338,1589,1195,1229,2231,2279,1305,2933,6,6,1571,1682,2521,1169,9648,102,96,1235,1323,,,,,,,,,,,,,,,,,,,,,,,,,,,,,,,,,,,,,,,,,,,,,,,,,,,,,,,,,,,,,,,,,,,,,,,,,
2022 AUG,1399,2086,385,517,2807,2616,792,287,71,1245,3214,264,848,4219,2339,383,777,6439,11536,6416,9097,7001,2638,6606,8067,8671,7877,3959,9122,7148,93,102,58,52,132,318,342,425,491,1681,1574,1514,1791,384,301,74,27,1148,1676,4768,2737,1933,2296,716,734,2251,291,4176,2020,9174,5303,3585,4032,858,973,7750,1773,1301,1437,550,608,1689,1183,1153,1879,1918,1461,3042,23,24,4535,4511,2982,964,11713,114,108,4369,4369,,,,,,,,,,,,,,,,,,,,,,,,,,,,,,,,,,,,,,,,,,,,,,,,,,,,,,,,,,,,,,,,,,,,,,,,,
2022 SEP,1322,2056,354,520,2588,2455,463,493,256,1302,3144,213,481,3999,2500,352,737,6571,10847,6515,7670,3903,650,6562,7834,8030,7787,1208,7725,6565,66,69,62,60,156,401,418,339,397,1260,1087,1823,2027,387,315,94,59,1096,1618,4733,4087,1865,2058,733,724,2266,394,3276,2159,7981,5134,3824,3987,1725,1474,7100,2051,1107,1221,213,337,1577,909,873,2362,2217,1272,2695,56,55,6944,7215,2367,2036,10725,28,40,6679,6963,,,,,,,,,,,,,,,,,,,,,,,,,,,,,,,,,,,,,,,,,,,,,,,,,,,,,,,,,,,,,,,,,,,,,,,,,
2022 OCT,1360,1986,706,565,2829,2420,938,431,219,1290,3170,195,482,3789,2188,335,263,8220,8020,8006,8656,566,2146,8313,9386,6155,9079,1588,8873,5466,79,84,68,68,59,294,303,428,491,1745,1528,1670,1815,265,275,9,45,1103,1650,4979,2599,1979,2140,608,623,2273,180,2532,2238,5874,4256,3476,3796,438,380,8015,1620,1291,1393,691,630,1596,1503,1499,2161,2043,1073,2154,214,215,7454,7612,3036,979,8309,94,121,7167,7354,,,,,,,,,,,,,,,,,,,,,,,,,,,,,,,,,,,,,,,,,,,,,,,,,,,,,,,,,,,,,,,,,,,,,,,,,
2022 NOV,1362,1941,442,802,2804,2798,850,1165,137,1254,3343,598,753,3837,2465,338,890,10144,7556,10068,10761,1187,698,9718,10840,5346,11190,915,10839,5648,100,110,59,61,68,104,90,641,695,2330,2252,1978,2099,351,305,9,32,1165,2256,6048,3336,2007,2114,686,701,2111,45,2285,2040,4959,4088,4856,5334,1055,909,9712,2380,1334,1351,1022,1008,2181,1192,1161,2281,2214,1122,2102,76,77,6369,6345,3664,956,7448,79,63,6265,6275,,,,,,,,,,,,,,,,,,,,,,,,,,,,,,,,,,,,,,,,,,,,,,,,,,,,,,,,,,,,,,,,,,,,,,,,,
2022 DEC,1372,2115,465,572,3109,2797,893,926,158,1267,3287,204,461,3845,2426,330,619,10294,10308,10308,9666,6078,5816,9923,11133,7253,11518,3105,9658,10058,75,76,55,53,50,361,350,275,309,1752,1740,1703,1837,351,356,5,40,1174,1616,7038,2957,2133,2229,692,732,2494,417,3084,3666,7539,7230,5664,6088,1206,1014,10336,2366,1546,1603,1112,1111,1541,1374,1342,1751,1817,1210,2973,14,13,4230,4239,3298,591,10226,136,133,4294,4328,,,,,,,,,,,,,,,,,,,,,,,,,,,,,,,,,,,,,,,,,,,,,,,,,,,,,,,,,,,,,,,,,,,,,,,,,
2023 JAN,1326,2155,419,504,2831,2697,760,491,361,1179,3256,647,733,3926,2493,1176,1094,9619,9216,9544,9470,6785,5110,9652,11168,5294,11060,3254,9547,7536,110,111,30,31,72,397,350,241,258,1535,1380,1945,2118,318,300,42,3,1103,1455,6176,3300,2200,2296,675,698,2597,434,2478,2114,6432,5189,4830,4618,1309,1231,9018,2472,1307,1399,1117,1044,1344,1346,1292,1991,1989,1516,3531,75,72,2431,2424,2842,828,8825,21,27,2625,2627,,,,,,,,,,,,,,,,,,,,,,,,,,,,,,,,,,,,,,,,,,,,,,,,,,,,,,,,,,,,,,,,,,,,,,,,,
2023 FEB,1368,2027,633,555,3049,2886,772,321,107,1189,3596,436,640,3877,2476,354,747,10637,7824,10615,10219,6096,4869,10854,12028,4913,11789,3307,10250,6581,105,81,69,69,47,391,377,302,326,1624,1456,2207,2356,351,322,22,79,931,1594,6658,3016,2115,2097,623,632,2506,321,2013,1868,5615,4832,5255,5087,947,956,9628,1892,1346,1402,1083,986,1517,1403,1338,2069,2003,1174,2789,22,23,1728,1709,2970,1124,7702,38,36,1779,1769,,,,,,,,,,,,,,,,,,,,,,,,,,,,,,,,,,,,,,,,,,,,,,,,,,,,,,,,,,,,,,,,,,,,,,,,,
2023 MAR,1396,2058,373,729,3069,2970,868,1174,223,1199,3855,237,721,3771,2374,628,944,11227,7207,11216,10633,5293,5444,10761,11860,4674,12315,3040,10653,7325,100,93,32,30,61,296,298,356,387,1631,1502,1177,1250,314,284,29,18,1072,1449,7019,2350,2186,2101,650,655,2482,294,1777,1905,4765,4760,5845,5854,772,1055,10000,1971,1350,1287,798,813,1386,1174,1123,1578,1544,1099,2253,11,12,1914,1878,2981,379,6927,97,88,1798,1769,,,,,,,,,,,,,,,,,,,,,,,,,,,,,,,,,,,,,,,,,,,,,,,,,,,,,,,,,,,,,,,,,,,,,,,,,
2023 APR,1324,2063,587,677,2910,2964,691,820,216,1303,3908,269,614,3569,2345,413,830,9879,5782,9906,9490,4264,4357,9690,10649,3003,10865,1735,9470,5829,94,104,41,40,22,180,174,497,492,998,995,2206,2215,263,256,19,14,1129,1354,6635,1696,2205,2141,647,638,2385,150,1854,1855,5173,5054,5381,5220,150,230,8910,175,1277,1250,685,638,1333,1254,1223,1546,1551,959,2529,27,27,1518,1469,2275,1521,5532,108,109,1256,1208,,,,,,,,,,,,,,,,,,,,,,,,,,,,,,,,,,,,,,,,,,,,,,,,,,,,,,,,,,,,,,,,,,,,,,,,,
2023 MAY,1285,2077,599,614,2969,3064,882,882,696,1193,3492,414,585,3872,2523,551,1281,11678,8307,11684,11361,7176,7658,11344,12494,4928,12834,4498,11360,8821,100,111,51,54,232,363,365,317,320,1273,1298,1709,1610,345,339,181,150,1065,1329,7489,3020,2258,2197,788,778,2621,471,1766,1894,5142,5449,6193,6279,1493,1571,10338,2410,1576,1489,1099,1085,1313,1296,1290,1527,1473,1150,2678,6,6,1131,1160,2849,610,7606,46,45,1079,1106,,,,,,,,,,,,,,,,,,,,,,,,,,,,,,,,,,,,,,,,,,,,,,,,,,,,,,,,,,,,,,,,,,,,,,,,,
2023 JUN,1356,2044,723,563,3055,3034,1346,701,47,1247,3983,415,622,3632,2369,514,575,12901,4471,12901,13111,2969,2962,12708,13119,2690,13312,1011,13118,4513,72,82,40,41,128,334,350,326,317,1933,1751,1464,1322,319,334,88,61,1078,1487,7227,1659,2192,2206,665,663,2526,339,567,579,2984,3102,5981,6092,21,59,10570,1143,1410,1347,948,1031,1479,1246,1224,1680,1662,411,1958,0,1,1502,1548,3343,516,4648,19,18,1625,1653,,,,,,,,,,,,,,,,,,,,,,,,,,,,,,,,,,,,,,,,,,,,,,,,,,,,,,,,,,,,,,,,,,,,,,,,,
2023 JUL,1324,2100,593,679,2880,3034,962,725,173,1166,3678,594,619,3581,2188,473,792,11549,4127,11549,11620,3008,3536,11467,12541,1625,12623,529,11623,4723,71,81,54,59,91,333,347,477,456,1490,1609,2275,2309,337,346,37,72,1086,1416,6982,1569,2237,2224,761,767,2570,284,1271,1413,3665,4165,5684,5720,95,44,9816,329,1344,1334,1035,1088,1443,1298,1355,1474,1525,1074,2479,0,1,1119,1185,2834,1240,4104,26,28,1361,1431,,,,,,,,,,,,,,,,,,,,,,,,,,,,,,,,,,,,,,,,,,,,,,,,,,,,,,,,,,,,,,,,,,,,,,,,,
2023 AUG,1270,2157,586,773,2796,3044,600,388,176,1154,3556,152,562,3522,2183,401,738,10514,5789,10546,10458,5451,6361,10863,12038,2740,11721,2552,10428,6712,84,83,30,29,0,338,357,494,482,992,1041,1668,1567,335,315,30,5,1078,1259,6508,2157,2242,2247,802,797,2580,308,1336,1409,4219,4857,5171,5209,448,420,8798,1496,1298,1233,1007,969,1309,1337,1366,1709,1758,1175,2899,32,32,338,351,2290,661,5639,85,82,572,578,,,,,,,,,,,,,,,,,,,,,,,,,,,,,,,,,,,,,,,,,,,,,,,,,,,,,,,,,,,,,,,,,,,,,,,,,
2023 SEP,1343,2084,625,484,2844,2742,447,400,97,1213,3499,257,734,3588,2182,397,637,10184,4570,10257,10547,4029,4015,10200,10888,2105,10945,1541,10470,4551,98,97,44,46,16,296,308,526,534,882,879,1605,1545,350,349,28,5,1065,1485,5705,1749,2232,2255,667,651,2528,141,719,741,3311,3355,4562,4590,207,115,7910,1278,1323,1331,1134,1231,1536,1143,1216,1542,1580,688,2488,73,73,541,538,2205,471,4593,90,99,717,707,,,,,,,,,,,,,,,,,,,,,,,,,,,,,,,,,,,,,,,,,,,,,,,,,,,,,,,,,,,,,,,,,,,,,,,,,
2023 OCT,1310,2087,476,874,2846,3006,464,906,32,1173,3528,187,472,4174,2202,490,440,11980,7280,11993,12590,6240,6313,11911,12418,4403,12500,3428,12570,7370,99,102,47,45,84,436,451,209,197,1029,1158,1566,1557,256,297,37,53,1136,1479,7099,2738,2303,2346,850,868,2739,641,670,651,4370,4485,5797,5955,1057,918,9485,2269,1357,1433,1097,1088,1538,1302,1337,1681,1661,507,2812,13,13,1040,1061,2386,469,7215,84,84,1124,1154,,,,,,,,,,,,,,,,,,,,,,,,,,,,,,,,,,,,,,,,,,,,,,,,,,,,,,,,,,,,,,,,,,,,,,,,,
2023 NOV,1358,2341,278,568,2846,3040,612,401,153,1202,3686,126,655,3650,2279,507,502,11154,6148,11204,11659,4268,4531,11309,11857,3349,11752,1371,11596,6344,90,93,53,50,112,266,261,349,348,1303,1422,1861,1794,341,353,59,81,1120,1380,6288,1864,2235,2271,896,869,2501,547,721,642,4804,4848,5103,5169,340,342,8880,735,1289,1338,732,729,1433,1185,1206,1524,1524,548,2897,50,49,1880,1818,2592,1129,6246,113,118,1930,1863,,,,,,,,,,,,,,,,,,,,,,,,,,,,,,,,,,,,,,,,,,,,,,,,,,,,,,,,,,,,,,,,,,,,,,,,,
2023 DEC,1286,2249,321,626,2710,3197,500,696,239,1217,3577,132,692,3269,2191,504,453,10919,4253,10931,11188,4211,4634,10780,11643,2100,11794,1833,11156,4669,133,118,2,1,13,325,317,360,337,1190,1389,1765,1805,325,359,11,46,1014,1505,6459,1136,2223,2247,697,705,2548,337,1070,1171,3687,4071,5348,5357,156,300,8855,153,1206,1240,782,815,1561,1111,1125,1292,1343,863,2378,12,12,42,43,2396,983,4478,140,143,21,20,,,,,,,,,,,,,,,,,,,,,,,,,,,,,,,,,,,,,,,,,,,,,,,,,,,,,,,,,,,,,,,,,,,,,,,,,
2024 JAN,1306,2095,518,528,2831,2964,585,389,111,1260,3617,127,634,3443,2062,555,745,10890,5071,10884,10915,3175,3909,10977,11892,2507,11799,629,10922,5749,101,99,40,41,18,312,301,293,261,756,911,1119,1066,308,316,58,42,1289,1450,6630,1241,2482,2532,762,802,2794,469,1021,1160,3854,4585,5427,5291,221,419,8656,617,1270,1357,495,463,1536,1203,1221,1462,1485,915,2546,6,7,1896,1840,2026,624,5053,46,47,1747,1679,,,,,,,,,,,,,,,,,,,,,,,,,,,,,,,,,,,,,,,,,,,,,,,,,,,,,,,,,,,,,,,,,,,,,,,,,
2024 FEB,1288,2084,251,597,2780,2996,515,1019,71,1278,3640,305,538,3555,2063,475,467,11379,4625,11378,11500,3364,4003,10916,11354,2683,11816,1061,11501,5237,87,79,44,46,69,335,347,338,313,902,1014,890,953,303,322,25,3,1437,1457,6635,934,2262,2336,831,867,2597,493,501,687,3409,4054,5616,5575,496,548,8820,576,1283,1412,532,584,1555,1019,1034,1430,1414,438,2303,1,1,1261,1234,2185,358,4986,72,68,1183,1151,,,,,,,,,,,,,,,,,,,,,,,,,,,,,,,,,,,,,,,,,,,,,,,,,,,,,,,,,,,,,,,,,,,,,,,,,
2024 MAR,1310,2122,409,664,2599,2710,718,550,103,1269,3381,182,472,3483,2084,546,575,10566,4896,10696,10561,5073,5769,10607,11384,2841,11473,3003,10429,5599,84,99,21,19,56,329,302,370,330,1285,1396,1095,1092,310,326,35,98,1163,1492,5870,1928,2175,2174,707,737,2504,337,785,859,2881,3308,4835,4576,476,614,8517,1798,1362,1423,965,938,1583,1035,1058,1452,1468,777,2070,130,132,177,170,2647,130,4911,66,66,1,9,,,,,,,,,,,,,,,,,,,,,,,,,,,,,,,,,,,,,,,,,,,,,,,,,,,,,,,,,,,,,,,,,,,,,,,,,
2024 APR,1394,2139,389,628,2872,3178,533,1252,301,1261,3502,207,797,3687,2287,539,496,12127,6661,12652,13101,8227,8276,11461,11927,4668,13118,5800,12639,6892,94,114,41,43,149,316,305,292,247,1064,1273,867,840,302,321,108,138,1242,1474,7200,2157,2434,2580,907,965,2750,615,628,619,3527,3762,5954,5996,211,42,9673,2926,1409,1463,1636,1596,1560,1246,1265,1946,1962,466,2427,525,462,1566,1384,2473,769,7095,461,403,1010,855,,,,,,,,,,,,,,,,,,,,,,,,,,,,,,,,,,,,,,,,,,,,,,,,,,,,,,,,,,,,,,,,,,,,,,,,,
2024 MAY,1276,1861,316,517,2614,2913,363,350,32,1224,3608,131,590,3560,2377,605,558,10221,6929,10731,11140,8894,9124,10389,10950,4148,11292,5915,10715,7419,113,134,34,31,70,304,284,320,263,818,1052,655,574,291,300,36,20,1259,1472,5968,1699,2173,2267,901,950,2477,581,737,687,4326,4542,5033,5012,28,36,8212,2523,1426,1514,1479,1464,1562,935,956,1727,1771,561,2979,510,425,1965,1705,2244,824,7127,375,308,1394,1147,,,,,,,,,,,,,,,,,,,,,,,,,,,,,,,,,,,,,,,,,,,,,,,,,,,,,,,,,,,,,,,,,,,,,,,,,
2024 JUN,1466,2193,311,736,3033,3278,349,591,137,1325,3698,292,529,3623,2417,556,666,11510,6226,11684,11991,7566,7752,11601,12368,3213,12451,4517,11845,6576,95,109,20,16,51,354,313,342,281,1039,1205,1844,1905,252,281,31,22,1356,1591,6721,2019,2541,2624,913,959,2895,571,964,906,4632,4789,5370,5278,499,570,9161,1115,1401,1476,940,900,1693,1351,1393,1520,1656,767,3049,174,146,1340,1176,2440,904,6262,245,218,1197,1026,,,,,,,,,,,,,,,,,,,,,,,,,,,,,,,,,,,,,,,,,,,,,,,,,,,,,,,,,,,,,,,,,,,,,,,,,
2024 JUL,1237,1964,192,591,2783,2747,409,665,464,1164,3544,318,409,3518,1940,547,873,12025,6507,11996,12457,6330,7325,11908,12349,3794,12437,4055,12481,7469,108,118,59,58,25,299,277,365,293,1341,1582,686,612,244,256,34,38,1037,1604,6952,2008,2283,2296,818,895,2582,453,636,665,3672,4189,5695,5828,91,64,9648,2139,1355,1396,817,962,1691,1257,1308,1917,2058,441,2275,29,24,177,144,2696,131,6069,50,61,41,42,,,,,,,,,,,,,,,,,,,,,,,,,,,,,,,,,,,,,,,,,,,,,,,,,,,,,,,,,,,,,,,,,,,,,,,,,
2024 AUG,1432,2194,244,962,3077,3128,341,367,57,1378,4072,215,464,3794,2629,503,521,9966,6343,9962,10236,5297,6680,10460,10973,3404,10475,2365,10238,7593,77,90,44,45,6,275,253,347,281,508,735,1284,1241,300,302,38,7,1514,1496,5946,2146,2374,2360,915,978,2649,568,1002,1036,4264,4932,4794,4754,335,369,7899,1137,1445,1536,275,467,1592,1152,1202,1811,1975,513,2932,4,2,1046,913,1953,1009,6336,39,40,678,557,,,,,,,,,,,,,,,,,,,,,,,,,,,,,,,,,,,,,,,,,,,,,,,,,,,,,,,,,,,,,,,,,,,,,,,,,
2024 SEP,1339,1970,204,715,2689,2915,469,277,25,1206,3671,173,511,3068,2401,514,536,10973,5095,10973,11458,4381,6047,11306,11684,2798,11351,2181,11458,6670,101,118,34,33,11,298,290,348,272,825,1118,964,949,281,293,23,33,1483,1581,6109,1581,2343,2348,817,902,2641,469,469,524,3198,4261,4929,4964,186,149,8330,1166,1396,1508,549,585,1696,1180,1254,1767,1959,378,2200,0,0,714,623,2221,415,4998,89,89,463,356,,,,,,,,,,,,,,,,,,,,,,,,,,,,,,,,,,,,,,,,,,,,,,,,,,,,,,,,,,,,,,,,,,,,,,,,,
2024 OCT,1342,2248,207,647,2753,2876,394,651,5,1282,3676,160,469,4041,2403,567,474,11299,7495,11301,12083,7617,9252,11201,11436,4622,11536,4875,12082,9191,82,98,19,16,50,285,280,300,227,842,1120,1073,1082,300,350,31,49,1545,1686,6163,2993,2361,2451,898,996,2646,598,335,228,3832,5016,4990,5176,915,951,8527,3013,1522,1561,1093,1138,1804,1173,1196,2078,2291,235,2742,2,1,122,61,2364,20,7364,81,79,124,104,,,,,,,,,,,,,,,,,,,,,,,,,,,,,,,,,,,,,,,,,,,,,,,,,,,,,,,,,,,,,,,,,,,,,,,,,
2024 NOV,1351,2249,239,684,2872,2979,339,515,261,1311,4059,119,494,3984,2350,563,233,11736,7333,11808,12662,8173,9419,11760,12280,4946,12328,5585,12621,8792,101,131,23,21,13,299,278,312,239,1221,1515,701,662,285,325,36,47,1193,1698,6461,2172,2406,2506,986,1007,2705,674,614,699,3965,4744,5208,5656,109,199,9124,2843,1442,1486,1372,1483,1818,1253,1287,2063,2275,520,2588,72,41,840,627,2663,671,7534,207,177,704,544,,,,,,,,,,,,,,,,,,,,,,,,,,,,,,,,,,,,,,,,,,,,,,,,,,,,,,,,,,,,,,,,,,,,,,,,,
2024 DEC,1277,1994,211,672,2809,2985,291,725,227,1308,3797,229,495,3566,2444,497,268,11119,6429,11356,11984,7461,8266,10990,11690,3749,12056,4607,11803,7504,102,132,3,7,41,305,283,325,248,1348,1641,1294,1255,326,375,44,99,1228,1826,6210,2014,2337,2423,809,899,2642,484,875,982,4262,4953,5094,5347,55,38,8955,1784,1397,1439,1064,1030,1931,1116,1158,1959,2113,700,2854,237,181,1032,762,2745,230,6603,206,168,890,644,,,,,,,,,,,,,,,,,,,,,,,,,,,,,,,,,,,,,,,,,,,,,,,,,,,,,,,,,,,,,,,,,,,,,,,,,
2025 JAN,1352,2124,227,471,2828,2989,322,454,180,1258,4191,210,505,3631,2472,535,325,10397,5478,10454,11051,6801,7444,10355,11262,3691,11361,4201,11010,6487,79,112,56,53,192,293,281,326,235,969,1250,1000,925,312,333,136,159,1141,1514,6188,1373,2142,2169,975,1020,2435,649,1019,993,4156,4617,5106,5209,278,232,8528,523,1371,1466,150,278,1634,1082,1119,1651,1777,907,2600,57,41,1323,957,2340,850,6291,119,105,1281,932,,,,,,,,,,,,,,,,,,,,,,,,,,,,,,,,,,,,,,,,,,,,,,,,,,,,,,,,,,,,,,,,,,,,,,,,,
2025 FEB,1430,2297,237,658,3107,3360,376,476,345,1306,4363,116,474,3978,2640,549,819,11810,7289,11865,12578,8967,8660,11911,12053,5237,12007,7028,12540,7549,88,114,2,1,36,303,334,365,268,952,1179,1184,1283,310,332,34,21,1305,1568,6696,3180,2399,2445,910,955,2702,545,377,288,4071,4096,5515,5610,902,795,9018,2413,1370,1538,417,579,1695,1181,1207,2278,2458,142,1939,55,38,1678,1111,2322,767,7176,124,107,1902,1308,,,,,,,,,,,,,,,,,,,,,,,,,,,,,,,,,,,,,,,,,,,,,,,,,,,,,,,,,,,,,,,,,,,,,,,,,
2025 MAR,1383,2340,213,714,3188,3131,375,279,97,1312,4459,151,516,3915,2742,588,419,11495,6282,11822,12182,7557,8137,11863,11962,4047,11921,5190,11961,7313,90,134,35,36,78,299,340,389,299,955,1167,1013,1028,309,321,43,114,1410,1608,6182,1903,2460,2477,924,1002,2759,535,263,200,3954,4413,5031,5019,259,204,8525,1442,1388,1485,552,694,1725,1151,1147,2162,2356,99,2367,327,221,1275,824,2343,461,6414,402,292,1548,1053,,,,,,,,,,,,,,,,,,,,,,,,,,,,,,,,,,,,,,,,,,,,,,,,,,,,,,,,,,,,,,,,,,,,,,,,,
2025 APR,1375,2469,185,647,2862,2984,367,552,207,1432,4052,131,505,4153,2641,652,298,11918,7043,12002,12215,8596,9378,11922,12029,5396,12109,6769,12161,8425,75,92,33,28,44,314,340,326,239,1185,1432,615,524,343,384,11,31,1443,1800,6465,2677,2445,2479,962,1069,2759,636,377,377,3123,3845,5257,5170,543,646,9040,2938,1390,1410,876,974,1899,1208,1157,2134,2347,107,1827,84,54,1553,953,2575,261,7223,162,128,1855,1201,,,,,,,,,,,,,,,,,,,,,,,,,,,,,,,,,,,,,,,,,,,,,,,,,,,,,,,,,,,,,,,,,,,,,,,,,
2025 MAY,1495,2485,195,689,3121,3175,350,403,295,1299,4208,128,588,4023,2762,557,293,11888,6847,12057,12295,8506,9625,12124,12477,5005,12410,6287,12187,8641,74,92,38,36,97,350,383,327,251,1633,1835,907,874,305,354,59,94,1277,1995,6442,2823,2490,2593,1045,1133,2840,718,723,742,3413,4404,5128,5022,617,795,9364,2338,1289,1358,422,547,2084,1314,1263,2206,2513,353,2219,169,108,1659,984,2922,485,7224,197,137,1940,1228,,,,,,,,,,,,,,,,,,,,,,,,,,,,,,,,,,,,,,,,,,,,,,,,,,,,,,,,,,,,,,,,,,,,,,,,,
2025 JUN,1413,2248,129,592,2769,2953,342,387,172,1348,3936,164,476,3710,2701,559,648,11053,7827,11089,11171,9490,10679,11151,11531,5201,11469,7078,11152,9728,70,89,13,7,57,316,326,330,257,1163,1361,758,680,292,324,44,81,1306,1782,6448,3413,2291,2316,972,1065,2607,642,780,884,3545,4548,5348,5281,1472,1651,8783,3268,1172,1204,613,754,1862,1100,1055,1941,2254,380,2412,36,19,1663,951,2335,145,7613,117,99,1978,1256,,,,,,,,,,,,,,,,,,,,,,,,,,,,,,,,,,,,,,,,,,,,,,,,,,,,,,,,,,,,,,,,,,,,,,,,,
2025 JUL,1497,2610,170,685,3010,3257,342,571,173,1291,3876,131,547,4024,2979,566,374,11786,7450,11849,11955,8800,10144,11828,12195,5714,12216,6941,11915,9369,76,115,27,26,71,299,332,353,261,1293,1494,842,777,296,317,44,58,1453,1821,6490,3759,2521,2561,975,1063,2820,622,641,758,3140,4204,5288,5249,1664,1681,9155,3197,1372,1382,280,641,1883,1202,1147,2095,2375,367,1859,63,40,1350,775,2665,562,7573,143,116,1770,1134,,,,,,,,,,,,,,,,,,,,,,,,,,,,,,,,,,,,,,,,,,,,,,,,,,,,,,,,,,,,,,,,,,,,,,,,,
2025 AUG,1470,2201,171,627,2998,3112,371,627,249,1273,4160,164,582,3763,2753,522,333,12811,7512,12889,12982,8294,10362,12648,12933,4986,13174,5548,12932,9915,86,139,39,37,108,353,362,358,273,1527,1730,604,622,340,350,69,122,1261,1898,6995,2644,2551,2604,987,994,2904,629,560,745,3762,5332,5799,5756,475,629,10000,2737,1478,1541,697,1007,1969,1196,1152,2169,2450,285,2746,78,50,782,447,3005,93,7732,119,93,1058,686,,,,,,,,,,,,,,,,,,,,,,,,,,,,,,,,,,,,,,,,,,,,,,,,,,,,,,,,,,,,,,,,,,,,,,,,,
